{
    "foclen": 3.649147461099085,
    "fnum": 3.8,
    "r_last": 1.5750000000000002,
    "d_sensor": 3.9890000343322756,
    "sensor_size": [
        2.1213203435596424,
        2.1213203435596424
    ],
    "surfaces": [
        {
            "type": "Stop",
            "r": 0.4801509817235638,
            "c": 0.0,
            "d": 0.0,
            "d_next": 0.10000061988830566,
            "mat1": "air",
            "mat2": "air"
        },
        {
            "type": "Aspheric",
            "r": 0.6024180507659912,
            "c": 0.0051711020059883595,
            "d": 0.10000061988830566,
            "k": 0.2795041799545288,
            "ai": [
                0.0004272031947039068,
                2.089430381602142e-05,
                -2.156629079763661e-06,
                2.945305084267602e-07,
                -2.1540488504001587e-08,
                -3.0305711273825864e-09
            ],
            "ai2": 0.0004272031947039068,
            "ai4": 2.089430381602142e-05,
            "ai6": -2.156629079763661e-06,
            "ai8": 2.945305084267602e-07,
            "ai10": -2.1540488504001587e-08,
            "ai12": -3.0305711273825864e-09,
            "d_next": 1.3699928522109985,
            "mat1": "air",
            "mat2": "zeon"
        },
        {
            "type": "Aspheric",
            "r": 0.9663966155052185,
            "c": -0.00195708847604692,
            "d": 1.4699934720993042,
            "k": 0.734669029712677,
            "ai": [
                -9.156025771517307e-05,
                -5.622534445137717e-06,
                3.1454735562874703e-06,
                -3.1756201224197866e-07,
                -2.594001102806942e-08,
                8.306417775827413e-10
            ],
            "ai2": -9.156025771517307e-05,
            "ai4": -5.622534445137717e-06,
            "ai6": 3.1454735562874703e-06,
            "ai8": -3.1756201224197866e-07,
            "ai10": -2.594001102806942e-08,
            "ai12": 8.306417775827413e-10,
            "d_next": 0.5340074300765991,
            "mat1": "zeon",
            "mat2": "air"
        },
        {
            "type": "Aspheric",
            "r": 1.1927478170394898,
            "c": -0.009395904839038849,
            "d": 2.0040009021759033,
            "k": 0.798877477645874,
            "ai": [
                -4.7090070438571274e-05,
                -6.543513336509932e-06,
                2.987203743032296e-06,
                -3.52789122359809e-08,
                1.4150366212106746e-08,
                -1.5479260095929703e-09
            ],
            "ai2": -4.7090070438571274e-05,
            "ai4": -6.543513336509932e-06,
            "ai6": 2.987203743032296e-06,
            "ai8": -3.52789122359809e-08,
            "ai10": 1.4150366212106746e-08,
            "ai12": -1.5479260095929703e-09,
            "d_next": 0.6849913597106934,
            "mat1": "air",
            "mat2": "zeon"
        },
        {
            "type": "Aspheric",
            "r": 1.3785160636901856,
            "c": -0.002069554291665554,
            "d": 2.6889922618865967,
            "k": 0.7543578743934631,
            "ai": [
                8.084203727776185e-05,
                -3.717857180163264e-05,
                1.933781504703802e-06,
                -1.5513303708303283e-07,
                -3.569235218492395e-08,
                -1.5574983525112884e-09
            ],
            "ai2": 8.084203727776185e-05,
            "ai4": -3.717857180163264e-05,
            "ai6": 1.933781504703802e-06,
            "ai8": -1.5513303708303283e-07,
            "ai10": -3.569235218492395e-08,
            "ai12": -1.5574983525112884e-09,
            "d_next": 1.3000077724456789,
            "mat1": "zeon",
            "mat2": "air"
        }
    ]
}