{
    "foclen": 3.649147461099085,
    "fnum": 6.0,
    "r_last": 1.0,
    "d_sensor": 3.9890000343322756,
    "sensor_size": [
        2.1213203435596424,
        2.1213203435596424
    ],
    "surfaces": [
        {
            "type": "Stop",
            "r": 0.30409562175825705,
            "c": 0.0,
            "d": 0.0,
            "d_next": 0.10000000149011612,
            "mat1": "air",
            "mat2": "air"
        },
        {
            "type": "Aspheric",
            "r": 0.3815887153148651,
            "c": 0.005152632016688585,
            "d": 0.10000000149011612,
            "k": 0.2793108820915222,
            "ai": [
                0.00039025911246426404,
                1.719982537906617e-05,
                -2.5259851099690422e-06,
                2.576265103471087e-07,
                -2.5223677369012876e-08,
                -3.397217618328341e-09
            ],
            "ai2": 0.00039025911246426404,
            "ai4": 1.719982537906617e-05,
            "ai6": -2.5259851099690422e-06,
            "ai8": 2.576265103471087e-07,
            "ai10": -2.5223677369012876e-08,
            "ai12": -3.397217618328341e-09,
            "d_next": 1.3700000271201134,
            "mat1": "air",
            "mat2": "zeon"
        },
        {
            "type": "Aspheric",
            "r": 0.6199906945228577,
            "c": -0.0019386147614568472,
            "d": 1.4700000286102295,
            "k": 0.7346844673156738,
            "ai": [
                -5.461084583657794e-05,
                -1.930755388457328e-06,
                3.5133159599354258e-06,
                -2.8100146209908416e-07,
                -2.231375262340407e-08,
                1.1897909324432021e-09
            ],
            "ai2": -5.461084583657794e-05,
            "ai4": -1.930755388457328e-06,
            "ai6": 3.5133159599354258e-06,
            "ai8": -2.8100146209908416e-07,
            "ai10": -2.231375262340407e-08,
            "ai12": 1.1897909324432021e-09,
            "d_next": 0.5340001583099365,
            "mat1": "zeon",
            "mat2": "air"
        },
        {
            "type": "Aspheric",
            "r": 0.7647288918495179,
            "c": -0.0094143683090806,
            "d": 2.004000186920166,
            "k": 0.7998586297035217,
            "ai": [
                -8.400785736739635e-05,
                -1.0234248293272685e-05,
                2.6198017621936742e-06,
                -7.176166150202334e-08,
                1.0536020944584834e-08,
                -1.9053922883927044e-09
            ],
            "ai2": -8.400785736739635e-05,
            "ai4": -1.0234248293272685e-05,
            "ai6": 2.6198017621936742e-06,
            "ai8": -7.176166150202334e-08,
            "ai10": 1.0536020944584834e-08,
            "ai12": -1.9053922883927044e-09,
            "d_next": 0.684999942779541,
            "mat1": "air",
            "mat2": "zeon"
        },
        {
            "type": "Aspheric",
            "r": 0.8857553482055665,
            "c": -0.002057253150269389,
            "d": 2.689000129699707,
            "k": 0.7543719410896301,
            "ai": [
                0.00010544675023993477,
                -3.3501946745673195e-05,
                2.299819016116089e-06,
                -1.1879941297365804e-07,
                -3.209440180285128e-08,
                -1.2017946637854493e-09
            ],
            "ai2": 0.00010544675023993477,
            "ai4": -3.3501946745673195e-05,
            "ai6": 2.299819016116089e-06,
            "ai8": -1.1879941297365804e-07,
            "ai10": -3.209440180285128e-08,
            "ai12": -1.2017946637854493e-09,
            "d_next": 1.2999999046325685,
            "mat1": "zeon",
            "mat2": "air"
        }
    ]
}