{
    "foclen": 3.649147461099085,
    "fnum": 3.8,
    "r_last": 1.5750000000000002,
    "d_sensor": 3.9890000343322756,
    "sensor_size": [
        2.1213203435596424,
        2.1213203435596424
    ],
    "surfaces": [
        {
            "type": "Stop",
            "r": 0.4801509817235638,
            "c": 0.0,
            "d": 0.0,
            "d_next": 0.10000000149011612,
            "mat1": "air",
            "mat2": "air"
        },
        {
            "type": "Aspheric",
            "r": 0.6024143099784851,
            "c": 0.005155713763087988,
            "d": 0.10000000149011612,
            "k": 0.2793188691139221,
            "ai": [
                0.0003964231291320175,
                1.781601895345375e-05,
                -2.4644812128826743e-06,
                2.637434022290108e-07,
                -2.4619149385785022e-08,
                -3.3382756559063864e-09
            ],
            "ai2": 0.0003964231291320175,
            "ai4": 1.781601895345375e-05,
            "ai6": -2.4644812128826743e-06,
            "ai8": 2.637434022290108e-07,
            "ai10": -2.4619149385785022e-08,
            "ai12": -3.3382756559063864e-09,
            "d_next": 1.3699988350272179,
            "mat1": "air",
            "mat2": "zeon"
        },
        {
            "type": "Aspheric",
            "r": 0.9664220809936523,
            "c": -0.0019416961586102843,
            "d": 1.469998836517334,
            "k": 0.7346804738044739,
            "ai": [
                -6.077389480196871e-05,
                -2.543335313021089e-06,
                3.4532758945715614e-06,
                -2.868185902116238e-07,
                -2.287229250441669e-08,
                1.1364462704221978e-09
            ],
            "ai2": -6.077389480196871e-05,
            "ai4": -2.543335313021089e-06,
            "ai6": 3.4532758945715614e-06,
            "ai8": -2.868185902116238e-07,
            "ai10": -2.287229250441669e-08,
            "ai12": 1.1364462704221978e-09,
            "d_next": 0.534001350402832,
            "mat1": "zeon",
            "mat2": "air"
        },
        {
            "type": "Aspheric",
            "r": 1.1927785873413086,
            "c": -0.009411304257810116,
            "d": 2.004000186920166,
            "k": 0.799808919429779,
            "ai": [
                -7.788104267092422e-05,
                -9.621965546102729e-06,
                2.6796653855853947e-06,
                -6.596950896664566e-08,
                1.109143354938169e-08,
                -1.8524248801554677e-09
            ],
            "ai2": -7.788104267092422e-05,
            "ai4": -9.621965546102729e-06,
            "ai6": 2.6796653855853947e-06,
            "ai8": -6.596950896664566e-08,
            "ai10": 1.109143354938169e-08,
            "ai12": -1.8524248801554677e-09,
            "d_next": 0.6849985122680664,
            "mat1": "air",
            "mat2": "zeon"
        },
        {
            "type": "Aspheric",
            "r": 1.3786271810531616,
            "c": -0.0020541860722005367,
            "d": 2.6889986991882324,
            "k": 0.754367470741272,
            "ai": [
                0.00011158047709614038,
                -3.410399949643761e-05,
                2.240815319964895e-06,
                -1.2450989572698745e-07,
                -3.264210945985724e-08,
                -1.2540639637848017e-09
            ],
            "ai2": 0.00011158047709614038,
            "ai4": -3.410399949643761e-05,
            "ai6": 2.240815319964895e-06,
            "ai8": -1.2450989572698745e-07,
            "ai10": -3.264210945985724e-08,
            "ai12": -1.2540639637848017e-09,
            "d_next": 1.3000013351440431,
            "mat1": "zeon",
            "mat2": "air"
        }
    ]
}