{
    "foclen": 3.649147461099085,
    "fnum": 3.8,
    "r_last": 1.5750000000000002,
    "d_sensor": 3.9890000343322756,
    "sensor_size": [
        2.1213203435596424,
        2.1213203435596424
    ],
    "surfaces": [
        {
            "type": "Stop",
            "r": 0.4801509817235638,
            "c": 0.0,
            "d": 0.0,
            "d_next": 0.10000000149011612,
            "mat1": "air",
            "mat2": "air"
        },
        {
            "type": "Aspheric",
            "r": 0.6024180507659912,
            "c": 0.005168024450540543,
            "d": 0.10000000149011612,
            "k": 0.27944710850715637,
            "ai": [
                0.00042104750173166394,
                2.027873051702045e-05,
                -2.218186182290083e-06,
                2.88374849333195e-07,
                -2.2156042334131598e-08,
                -3.0921236682246445e-09
            ],
            "ai2": 0.00042104750173166394,
            "ai4": 2.027873051702045e-05,
            "ai6": -2.218186182290083e-06,
            "ai8": 2.88374849333195e-07,
            "ai10": -2.2156042334131598e-08,
            "ai12": -3.0921236682246445e-09,
            "d_next": 1.3699940666556358,
            "mat1": "air",
            "mat2": "zeon"
        },
        {
            "type": "Aspheric",
            "r": 0.9663966155052185,
            "c": -0.001954010920599103,
            "d": 1.469994068145752,
            "k": 0.7346701622009277,
            "ai": [
                -8.540449198335409e-05,
                -5.006991159461904e-06,
                3.207022473361576e-06,
                -3.1140774581217556e-07,
                -2.5324645491764386e-08,
                8.921721139643068e-10
            ],
            "ai2": -8.540449198335409e-05,
            "ai4": -5.006991159461904e-06,
            "ai6": 3.207022473361576e-06,
            "ai8": -3.1140774581217556e-07,
            "ai10": -2.5324645491764386e-08,
            "ai12": 8.921721139643068e-10,
            "d_next": 0.5340061187744141,
            "mat1": "zeon",
            "mat2": "air"
        },
        {
            "type": "Aspheric",
            "r": 1.1927478170394898,
            "c": -0.009398983791470528,
            "d": 2.004000186920166,
            "k": 0.7991305589675903,
            "ai": [
                -5.3245890740072355e-05,
                -7.159037068049656e-06,
                2.9256577818159712e-06,
                -4.143286957969394e-08,
                1.3535038867473759e-08,
                -1.6094510169040177e-09
            ],
            "ai2": -5.3245890740072355e-05,
            "ai4": -7.159037068049656e-06,
            "ai6": 2.9256577818159712e-06,
            "ai8": -4.143286957969394e-08,
            "ai10": 1.3535038867473759e-08,
            "ai12": -1.6094510169040177e-09,
            "d_next": 0.684992790222168,
            "mat1": "air",
            "mat2": "zeon"
        },
        {
            "type": "Aspheric",
            "r": 1.3785160636901856,
            "c": -0.0020664765033870935,
            "d": 2.688992977142334,
            "k": 0.7543582320213318,
            "ai": [
                8.699790487298742e-05,
                -3.6563062167260796e-05,
                1.995325874304399e-06,
                -1.4897925382229005e-07,
                -3.5077043492037774e-08,
                -1.4959757876908952e-09
            ],
            "ai2": 8.699790487298742e-05,
            "ai4": -3.6563062167260796e-05,
            "ai6": 1.995325874304399e-06,
            "ai8": -1.4897925382229005e-07,
            "ai10": -3.5077043492037774e-08,
            "ai12": -1.4959757876908952e-09,
            "d_next": 1.3000070571899416,
            "mat1": "zeon",
            "mat2": "air"
        }
    ]
}