{
    "foclen": 3.649147461099085,
    "fnum": 3.9076756641506623,
    "r_last": 1.5468574968697135,
    "d_sensor": 3.9890000343322756,
    "sensor_size": [
        2.1213203435596424,
        2.1213203435596424
    ],
    "surfaces": [
        {
            "type": "Stop",
            "r": 0.4669204630487458,
            "c": 0.0,
            "d": 0.0,
            "d_next": 0.10000000149011612,
            "mat1": "air",
            "mat2": "air"
        },
        {
            "type": "Aspheric",
            "r": 0.6308051417654827,
            "c": 0.14257588982582092,
            "d": 0.10000000149011612,
            "k": 26.646381378173828,
            "ai": [
                0.24748651683330536,
                0.05506153777241707,
                0.010532278567552567,
                0.0012395282974466681,
                0.0001265128084924072,
                1.2122897715016734e-05
            ],
            "ai2": 0.24748651683330536,
            "ai4": 0.05506153777241707,
            "ai6": 0.010532278567552567,
            "ai8": 0.0012395282974466681,
            "ai10": 0.0001265128084924072,
            "ai12": 1.2122897715016734e-05,
            "d_next": 1.4300289377570152,
            "mat1": "air",
            "mat2": "zeon"
        },
        {
            "type": "Aspheric",
            "r": 0.7596747945135907,
            "c": -0.29670190811157227,
            "d": 1.5300289392471313,
            "k": -54.6739501953125,
            "ai": [
                0.10586248338222504,
                0.07736609876155853,
                0.0007561721722595394,
                -5.20393114129547e-05,
                -7.873033609939739e-06,
                -8.03197622190055e-07
            ],
            "ai2": 0.10586248338222504,
            "ai4": 0.07736609876155853,
            "ai6": 0.0007561721722595394,
            "ai8": -5.20393114129547e-05,
            "ai10": -7.873033609939739e-06,
            "ai12": -8.03197622190055e-07,
            "d_next": 0.5900408029556274,
            "mat1": "zeon",
            "mat2": "air"
        },
        {
            "type": "Aspheric",
            "r": 0.8383039305991009,
            "c": -0.20933422446250916,
            "d": 2.120069742202759,
            "k": 12.911861419677734,
            "ai": [
                -0.23241928219795227,
                -0.05953109636902809,
                -0.002779423724859953,
                -8.885913848644122e-05,
                -7.348565418396902e-07,
                2.2342629790728097e-07
            ],
            "ai2": -0.23241928219795227,
            "ai4": -0.05953109636902809,
            "ai6": -0.002779423724859953,
            "ai8": -8.885913848644122e-05,
            "ai10": -7.348565418396902e-07,
            "ai12": 2.2342629790728097e-07,
            "d_next": 0.5335519313812256,
            "mat1": "air",
            "mat2": "zeon"
        },
        {
            "type": "Aspheric",
            "r": 1.0487989257162884,
            "c": -0.07760497182607651,
            "d": 2.6536216735839844,
            "k": 10.834827423095703,
            "ai": [
                -0.14647357165813446,
                0.002159185241907835,
                -0.00633223308250308,
                -0.0005379107315093279,
                -2.257294545415789e-05,
                -1.4013802456247504e-06
            ],
            "ai2": -0.14647357165813446,
            "ai4": 0.002159185241907835,
            "ai6": -0.00633223308250308,
            "ai8": -0.0005379107315093279,
            "ai10": -2.257294545415789e-05,
            "ai12": -1.4013802456247504e-06,
            "d_next": 1.3353783607482912,
            "mat1": "zeon",
            "mat2": "air"
        }
    ]
}