{
    "foclen": 3.649147461099085,
    "fnum": 3.9076756641506623,
    "r_last": 1.5468574968697135,
    "d_sensor": 3.9890000343322756,
    "sensor_size": [
        2.1213203435596424,
        2.1213203435596424
    ],
    "surfaces": [
        {
            "type": "Stop",
            "r": 0.4669204630487458,
            "c": 0.0,
            "d": 0.0,
            "d_next": 0.10000000149011612,
            "mat1": "air",
            "mat2": "air"
        },
        {
            "type": "Aspheric",
            "r": 0.5869834492987469,
            "c": 0.005164946895092726,
            "d": 0.10000000149011612,
            "k": 0.27939578890800476,
            "ai": [
                0.0004148916632402688,
                1.9663144485093653e-05,
                -2.2797448764322326e-06,
                2.822189628659544e-07,
                -2.277162636232788e-08,
                -3.1536793176911715e-09
            ],
            "ai2": 0.0004148916632402688,
            "ai4": 1.9663144485093653e-05,
            "ai6": -2.2797448764322326e-06,
            "ai8": 2.822189628659544e-07,
            "ai10": -2.277162636232788e-08,
            "ai12": -3.1536793176911715e-09,
            "d_next": 1.3699952587485313,
            "mat1": "air",
            "mat2": "zeon"
        },
        {
            "type": "Aspheric",
            "r": 0.945128447849162,
            "c": -0.0019509331323206425,
            "d": 1.4699952602386475,
            "k": 0.7346715927124023,
            "ai": [
                -7.924860256025568e-05,
                -4.391389666125178e-06,
                3.2685836686141556e-06,
                -3.052515751278406e-07,
                -2.4709025936431317e-08,
                9.537340917020742e-10
            ],
            "ai2": -7.924860256025568e-05,
            "ai4": -4.391389666125178e-06,
            "ai6": 3.2685836686141556e-06,
            "ai8": -3.052515751278406e-07,
            "ai10": -2.4709025936431317e-08,
            "ai12": 9.537340917020742e-10,
            "d_next": 0.5340049266815186,
            "mat1": "zeon",
            "mat2": "air"
        },
        {
            "type": "Aspheric",
            "r": 1.1675590346640423,
            "c": -0.009402062743902206,
            "d": 2.004000186920166,
            "k": 0.7993695139884949,
            "ai": [
                -5.940180562902242e-05,
                -7.774650839564856e-06,
                2.8640954496950144e-06,
                -4.758916460900764e-08,
                1.2919401548572296e-08,
                -1.6710158812216491e-09
            ],
            "ai2": -5.940180562902242e-05,
            "ai4": -7.774650839564856e-06,
            "ai6": 2.8640954496950144e-06,
            "ai8": -4.758916460900764e-08,
            "ai10": 1.2919401548572296e-08,
            "ai12": -1.6710158812216491e-09,
            "d_next": 0.6849942207336426,
            "mat1": "air",
            "mat2": "zeon"
        },
        {
            "type": "Aspheric",
            "r": 1.3502843449896649,
            "c": -0.002063398715108633,
            "d": 2.6889944076538086,
            "k": 0.7543590068817139,
            "ai": [
                9.315385250374675e-05,
                -3.594743611756712e-05,
                2.0568891159200575e-06,
                -1.4282285576427967e-07,
                -3.4461393738638435e-08,
                -1.434409035994122e-09
            ],
            "ai2": 9.315385250374675e-05,
            "ai4": -3.594743611756712e-05,
            "ai6": 2.0568891159200575e-06,
            "ai8": -1.4282285576427967e-07,
            "ai10": -3.4461393738638435e-08,
            "ai12": -1.434409035994122e-09,
            "d_next": 1.300005626678467,
            "mat1": "zeon",
            "mat2": "air"
        }
    ]
}