{
    "foclen": 3.2258851532129724,
    "fnum": 3.536042479955233,
    "r_last": 1.5,
    "d_sensor": 3.9890000343322756,
    "sensor_size": [
        2.1213203435596424,
        2.1213203435596424
    ],
    "surfaces": [
        {
            "type": "Stop",
            "r": 0.4561434326373856,
            "c": 0.0,
            "d": 0.0,
            "d_next": 0.09999938309192657,
            "mat1": "air",
            "mat2": "air"
        },
        {
            "type": "Aspheric",
            "r": 