{
    "foclen": 3.649147461099085,
    "fnum": 4.220162612375115,
    "r_last": 1.4651847717655948,
    "d_sensor": 3.9890000343322756,
    "sensor_size": [
        2.1213203435596424,
        2.1213203435596424
    ],
    "surfaces": [
        {
            "type": "Stop",
            "r": 0.4323467833204344,
            "c": 0.0,
            "d": 0.0,
            "d_next": 0.10000061988830566,
            "mat1": "air",
            "mat2": "air"
        },
        {
            "type": "Aspheric",
            "r": 0.49140188419852276,
            "c": 0.005161869339644909,
            "d": 0.10000061988830566,
            "k": 0.2793577015399933,
            "ai": [
                0.00040873585385270417,
                1.904754935821984e-05,
                -2.341305389563786e-06,
                2.760628490250383e-07,
                -2.3387235259519912e-08,
                -3.215233856934674e-09
            ],
            "ai2": 0.00040873585385270417,
            "ai4": 1.904754935821984e-05,
            "ai6": -2.341305389563786e-06,
            "ai8": 2.760628490250383e-07,
            "ai10": -2.3387235259519912e-08,
            "ai12": -3.215233856934674e-09,
            "d_next": 1.369996428489685,
            "mat1": "air",
            "mat2": "zeon"
        },
        {
            "type": "Aspheric",
            "r": 0.805143597960806,
            "c": -0.0019478551112115383,
            "d": 1.4699970483779907,
            "k": 0.734673798084259,
            "ai": [
                -7.309238571906462e-05,
                -3.7757170048280386e-06,
                3.3301562325505074e-06,
                -2.9909361387581157e-07,
                -2.4093139927572338e-08,
                1.0153338170226789e-09
            ],
            "ai2": -7.309238571906462e-05,
            "ai4": -3.7757170048280386e-06,
            "ai6": 3.3301562325505074e-06,
            "ai8": -2.9909361387581157e-07,
            "ai10": -2.4093139927572338e-08,
            "ai12": 1.0153338170226789e-09,
            "d_next": 0.5340038537979126,
            "mat1": "zeon",
            "mat2": "air"
        },
        {
            "type": "Aspheric",
            "r": 0.9981744321588041,
            "c": -0.009405141696333885,
            "d": 2.0040009021759033,
            "k": 0.7995705008506775,
            "ai": [
                -6.555841537192464e-05,
                -8.390359653276391e-06,
                2.80251902040618e-06,
                -5.374766232080219e-08,
                1.2303440044547642e-08,
                -1.7326251544602655e-09
            ],
            "ai2": -6.555841537192464e-05,
            "ai4": -8.390359653276391e-06,
            "ai6": 2.80251902040618e-06,
            "ai8": -5.374766232080219e-08,
            "ai10": 1.2303440044547642e-08,
            "ai12": -1.7326251544602655e-09,
            "d_next": 0.6849956512451172,
            "mat1": "air",
            "mat2": "zeon"
        },
        {
            "type": "Aspheric",
            "r": 1.1578437122109893,
            "c": -0.0020603204611688852,
            "d": 2.6889965534210205,
            "k": 0.7543607354164124,
            "ai": [
                9.931094973580912e-05,
                -3.533169365255162e-05,
                2.118468728440348e-06,
                -1.3666401343925827e-07,
                -3.3845392266584895e-08,
                -1.372795543908012e-09
            ],
            "ai2": 9.931094973580912e-05,
            "ai4": -3.533169365255162e-05,
            "ai6": 2.118468728440348e-06,
            "ai8": -1.3666401343925827e-07,
            "ai10": -3.3845392266584895e-08,
            "ai12": -1.372795543908012e-09,
            "d_next": 1.300003480911255,
            "mat1": "zeon",
            "mat2": "air"
        }
    ]
}