{
    "foclen": 3.649147461099085,
    "fnum": 6.0,
    "r_last": 1.0,
    "d_sensor": 3.9890000343322756,
    "sensor_size": [
        2.1213203435596424,
        2.1213203435596424
    ],
    "surfaces": [
        {
            "type": "Stop",
            "r": 0.30409562175825705,
            "c": 0.0,
            "d": 0.0,
            "d_next": 0.10000000149011612,
            "mat1": "air",
            "mat2": "air"
        },
        {
            "type": "Aspheric",
            "r": 