{
    "foclen": 3.649147461099085,
    "fnum": 4.706872444956559,
    "r_last": 1.3379765200681721,
    "d_sensor": 3.9890000343322756,
    "sensor_size": [
        2.1213203435596424,
        2.1213203435596424
    ],
    "surfaces": [
        {
            "type": "Stop",
            "r": 0.387640360321339,
            "c": 0.0,
            "d": 0.0,
            "d_next": 0.10000000149011612,
            "mat1": "air",
            "mat2": "air"
        },
        {
            "type": "Aspheric",
            "r": 0.49140188419852276,
            "c": 0.005158791784197092,
            "d": 0.10000000149011612,
            "k": 0.279333233833313,
            "ai": [
                0.0004025797243230045,
                1.843187419581227e-05,
                -2.4028788629948394e-06,
                2.699049446164281e-07,
                -2.4003044885034797e-08,
                -3.276792392981065e-09
            ],
            "ai2": 0.0004025797243230045,
            "ai4": 1.843187419581227e-05,
            "ai6": -2.4028788629948394e-06,
            "ai8": 2.699049446164281e-07,
            "ai10": -2.4003044885034797e-08,
            "ai12": -3.276792392981065e-09,
            "d_next": 1.3699976429343224,
            "mat1": "air",
            "mat2": "zeon"
        },
        {
            "type": "Aspheric",
            "r": 0.805143597960806,
            "c": -0.0019447766244411469,
            "d": 1.4699976444244385,
            "k": 0.7346768379211426,
            "ai": [
                -6.693512113997713e-05,
                -3.1596794087818125e-06,
                3.3917888231371762e-06,
                -2.92929541956255e-07,
                -2.347706917760206e-08,
                1.0768423930329618e-09
            ],
            "ai2": -6.693512113997713e-05,
            "ai4": -3.1596794087818125e-06,
            "ai6": 3.3917888231371762e-06,
            "ai8": -2.92929541956255e-07,
            "ai10": -2.347706917760206e-08,
            "ai12": 1.0768423930329618e-09,
            "d_next": 0.5340025424957275,
            "mat1": "zeon",
            "mat2": "air"
        },
        {
            "type": "Aspheric",
            "r": 0.9981744321588041,
            "c": -0.009408221580088139,
            "d": 2.004000186920166,
            "k": 0.7997187376022339,
            "ai": [
                -7.171685865614563e-05,
                -9.006545951706357e-06,
                2.74087801699352e-06,
                -5.991019236262218e-08,
                1.1688046974711597e-08,
                -1.7939719709758606e-09
            ],
            "ai2": -7.171685865614563e-05,
            "ai4": -9.006545951706357e-06,
            "ai6": 2.74087801699352e-06,
            "ai8": -5.991019236262218e-08,
            "ai10": 1.1688046974711597e-08,
            "ai12": -1.7939719709758606e-09,
            "d_next": 0.6849970817565918,
            "mat1": "air",
            "mat2": "zeon"
        },
        {
            "type": "Aspheric",
            "r": 1.1578437122109893,
            "c": -0.002057240577414632,
            "d": 2.688997268676758,
            "k": 0.7543635964393616,
            "ai": [
                0.00010547117562964559,
                -3.4715383662842214e-05,
                2.1801099592266837e-06,
                -1.3050366476363706e-07,
                -3.323058450632743e-08,
                -1.3115633024085582e-09
            ],
            "ai2": 0.00010547117562964559,
            "ai4": -3.4715383662842214e-05,
            "ai6": 2.1801099592266837e-06,
            "ai8": -1.3050366476363706e-07,
            "ai10": -3.323058450632743e-08,
            "ai12": -1.3115633024085582e-09,
            "d_next": 1.3000027656555178,
            "mat1": "zeon",
            "mat2": "air"
        }
    ]
}