{
    "foclen": 3.649147461099085,
    "fnum": 3.8,
    "r_last": 1.5750000000000002,
    "d_sensor": 3.9890000343322756,
    "sensor_size": [
        2.1213203435596424,
        2.1213203435596424
    ],
    "surfaces": [
        {
            "type": "Stop",
            "r": 0.4801509817235638,
            "c": 0.0,
            "d": 0.0,
            "d_next": 0.10000000149011612,
            "mat1": "air",
            "mat2": "air"
        },
        {
            "type": "Aspheric",
            "r": 0.6024152636528015,
            "c": 0.0051587591879069805,
            "d": 0.10000000149011612,
            "k": 0.27936026453971863,
            "ai": [
                0.0004025149391964078,
                1.8396514860796742e-05,
                -2.4098371795844287e-06,
                2.6892018922808347e-07,
                -2.4122408959215136e-08,
                -3.290019812141054e-09
            ],
            "ai2": 0.0004025149391964078,
            "ai4": 1.8396514860796742e-05,
            "ai6": -2.4098371795844287e-06,
            "ai8": 2.6892018922808347e-07,
            "ai10": -2.4122408959215136e-08,
            "ai12": -3.290019812141054e-09,
            "d_next": 1.3699976429343224,
            "mat1": "air",
            "mat2": "zeon"
        },
        {
            "type": "Aspheric",
            "r": 0.9664159417152405,
            "c": -0.0019446529913693666,
            "d": 1.4699976444244385,
            "k": 0.7346782088279724,
            "ai": [
                -6.66876949253492e-05,
                -3.101805077676545e-06,
                3.4005374800472055e-06,
                -2.918499717452505e-07,
                -2.3358488476787898e-08,
                1.088934720172574e-09
            ],
            "ai2": -6.66876949253492e-05,
            "ai4": -3.101805077676545e-06,
            "ai6": 3.4005374800472055e-06,
            "ai8": -2.918499717452505e-07,
            "ai10": -2.3358488476787898e-08,
            "ai12": 1.088934720172574e-09,
            "d_next": 0.5340025424957275,
            "mat1": "zeon",
            "mat2": "air"
        },
        {
            "type": "Aspheric",
            "r": 1.192771077156067,
            "c": -0.009408488869667053,
            "d": 2.004000186920166,
            "k": 0.7996231913566589,
            "ai": [
                -7.225214358186349e-05,
                -9.075823982129805e-06,
                2.7321109428157797e-06,
                -6.092460580475745e-08,
                1.1580217673667903e-08,
                -1.804668747773519e-09
            ],
            "ai2": -7.225214358186349e-05,
            "ai4": -9.075823982129805e-06,
            "ai6": 2.7321109428157797e-06,
            "ai8": -6.092460580475745e-08,
            "ai10": 1.1580217673667903e-08,
            "ai12": -1.804668747773519e-09,
            "d_next": 0.6849970817565918,
            "mat1": "air",
            "mat2": "zeon"
        },
        {
            "type": "Aspheric",
            "r": 1.378601312637329,
            "c": -0.002056743251159787,
            "d": 2.688997268676758,
            "k": 0.7543654441833496,
            "ai": [
                0.00010646572627592832,
                -3.4628956200322136e-05,
                2.1892581116844667e-06,
                -1.295230873665787e-07,
                -3.313029495188857e-08,
                -1.3018595090841245e-09
            ],
            "ai2": 0.00010646572627592832,
            "ai4": -3.4628956200322136e-05,
            "ai6": 2.1892581116844667e-06,
            "ai8": -1.295230873665787e-07,
            "ai10": -3.313029495188857e-08,
            "ai12": -1.3018595090841245e-09,
            "d_next": 1.3000027656555178,
            "mat1": "zeon",
            "mat2": "air"
        }
    ]
}