{
    "foclen": 3.226247790295729,
    "fnum": 3.5364399832972717,
    "r_last": 1.5,
    "d_sensor": 3.9890000343322756,
    "sensor_size": [
        2.1213203435596424,
        2.1213203435596424
    ],
    "surfaces": [
        {
            "type": "Stop",
            "r": 0.4561434326373856,
            "c": 0.0,
            "d": 0.0,
            "d_next": 0.09999938309192657,
            "mat1": "air",
            "mat2": "air"
        },
        {
            "type": "Aspheric",
            "r": 0.6975533366203308,
            "c": 0.005161836743354797,
            "d": 0.09999938309192657,
            "k": 0.2794203758239746,
            "ai": [
                0.00040867074858397245,
                1.901209725474473e-05,
                -2.34827894018963e-06,
                2.7507601885190525e-07,
                -2.3506832036446212e-08,
                -3.228463940629922e-09
            ],
            "ai2": 0.00040867074858397245,
            "ai4": 1.901209725474473e-05,
            "ai6": -2.34827894018963e-06,
            "ai8": 2.7507601885190525e-07,
            "ai10": -2.3506832036446212e-08,
            "ai12": -3.228463940629922e-09,
            "d_next": 1.3699976652860641,
            "mat1": "air",
            "mat2": "zeon"
        },
        {
            "type": "Aspheric",
            "r": 1.0458580255508423,
            "c": -0.0019477307796478271,
            "d": 1.4699970483779907,
            "k": 0.7346790432929993,
            "ai": [
                -7.284351886482909e-05,
                -3.7173879263718845e-06,
                3.3389792406524066e-06,
                -2.980058013690723e-07,
                -2.397407072862734e-08,
                1.0273765171930904e-09
            ],
            "ai2": -7.284351886482909e-05,
            "ai4": -3.7173879263718845e-06,
            "ai6": 3.3389792406524066e-06,
            "ai8": -2.980058013690723e-07,
            "ai10": -2.397407072862734e-08,
            "ai12": 1.0273765171930904e-09,
            "d_next": 0.5340038537979126,
            "mat1": "zeon",
            "mat2": "air"
        },
        {
            "type": "Aspheric",
            "r": 1.261674165725708,
            "c": -0.009405409917235374,
            "d": 2.0040009021759033,
            "k": 0.7992702126502991,
            "ai": [
                -6.609630509046838e-05,
                -8.460240678687114e-06,
                2.7936691822105786e-06,
                -5.4768776180935674e-08,
                1.2195800813685764e-08,
                -1.743110433771733e-09
            ],
            "ai2": -6.609630509046838e-05,
            "ai4": -8.460240678687114e-06,
            "ai6": 2.7936691822105786e-06,
            "ai8": -5.4768776180935674e-08,
            "ai10": 1.2195800813685764e-08,
            "ai12": -1.743110433771733e-09,
            "d_next": 0.6849956512451172,
            "mat1": "air",
            "mat2": "zeon"
        },
        {
            "type": "Aspheric",
            "r": 1.439316749572754,
            "c": -0.0020598210394382477,
            "d": 2.6889965534210205,
            "k": 0.7543699741363525,
            "ai": [
                0.0001003098877845332,
                -3.5244538594270125e-05,
                2.127699872289668e-06,
                -1.3567891699040047e-07,
                -3.3745877203728014e-08,
                -1.3634178230859106e-09
            ],
            "ai2": 0.0001003098877845332,
            "ai4": -3.5244538594270125e-05,
            "ai6": 2.127699872289668e-06,
            "ai8": -1.3567891699040047e-07,
            "ai10": -3.3745877203728014e-08,
            "ai12": -1.3634178230859106e-09,
            "d_next": 1.300003480911255,
            "mat1": "zeon",
            "mat2": "air"
        }
    ]
}